juris_id,ecozone,canfi_genus,genus,a,b,k,cap,volm,count,rmse
AB,4,1,PICE,99.99999999,-2.179309769,0.999101089,4.09925048,467.9581231,19,0.029353194900000001
AB,4,2,PINU,99.99999999,-1.619269195,0.971015869,1.517920318,627.71148980999999,32,0.027183894900000002
AB,4,3,ABIE,26.21988062,-1.786459277,0.998701702,1.118699712,329.0980206,12,0.023461838700000001
AB,4,5,PSEU,99.99999999,-1.680679955,0.983494956,1.066972991,410.79147707999999,11,0.013809396
AB,4,6,LARI,2.787784403,-2.108897833,1.107940282,1.205519184,199.53544905999999,21,0.119690446
AB,4,9,POPU,99.99999999,-1.415723009,0.873376851,1.565581201,451.73612403999999,14,0.060245468400000002
AB,4,10,BETU,99.99999999,-1.015892052,0.067292158,1.903010735,206.7369464,4,0.099556829200000002
AB,4,12,GENH,99.99999999,-1.015892052,0.067292158,1.903010735,206.7369464,4,0.099556829200000002
AB,5,1,PICE,7.990651974,-0.935196192,0.940352245,1.374072773,658.35024884999996,33,0.056285975
AB,5,2,PINU,99.99999999,-1.619269195,0.971015869,1.517920318,627.71148980999999,32,0.027183894900000002
AB,5,3,ABIE,26.21988062,-1.786459277,0.998701702,1.118699712,329.0980206,12,0.023461838700000001
AB,5,5,PSEU,99.99999999,-1.680679955,0.983494956,1.066972991,410.79147707999999,11,0.013809396
AB,5,6,LARI,2.787784403,-2.108897833,1.107940282,1.205519184,199.53544905999999,21,0.119690446
AB,5,9,POPU,26.6229837,-1.239799553,0.955937641,1.768822527,636.05529768999997,29,0.026182720699999999
AB,5,10,BETU,99.99999999,-1.015892052,0.067292158,1.903010735,206.7369464,4,0.099556829200000002
AB,5,12,GENH,99.99999999,-1.015892052,0.067292158,1.903010735,206.7369464,4,0.099556829200000002
AB,6,1,PICE,7.990651974,-0.935196192,0.940352245,1.374072773,658.35024884999996,33,0.056285975
AB,6,2,PINU,99.99999999,-1.619269195,0.971015869,1.517920318,627.71148980999999,32,0.027183894900000002
AB,6,3,ABIE,26.21988062,-1.786459277,0.998701702,1.118699712,329.0980206,12,0.023461838700000001
AB,6,5,PSEU,99.99999999,-1.680679955,0.983494956,1.066972991,410.79147707999999,11,0.013809396
AB,6,6,LARI,2.787784403,-2.108897833,1.107940282,1.205519184,199.53544905999999,21,0.119690446
AB,6,9,POPU,26.6229837,-1.239799553,0.955937641,1.768822527,636.05529768999997,29,0.026182720699999999
AB,6,10,BETU,99.99999999,-1.015892052,0.067292158,1.903010735,206.7369464,4,0.099556829200000002
AB,6,12,GENH,99.99999999,-1.015892052,0.067292158,1.903010735,206.7369464,4,0.099556829200000002
AB,9,1,PICE,7.990651974,-0.935196192,0.940352245,1.374072773,658.35024884999996,33,0.056285975
AB,9,2,PINU,99.99999999,-1.619269195,0.971015869,1.517920318,627.71148980999999,32,0.027183894900000002
AB,9,3,ABIE,26.21988062,-1.786459277,0.998701702,1.118699712,329.0980206,12,0.023461838700000001
AB,9,5,PSEU,99.99999999,-1.680679955,0.983494956,1.066972991,410.79147707999999,11,0.013809396
AB,9,6,LARI,2.787784403,-2.108897833,1.107940282,1.205519184,199.53544905999999,21,0.119690446
AB,9,8,GENC,225.2787117,-1.917835486,0.991069849,1.529353818,658.35024884999996,33,0.015078107300000001
AB,9,9,POPU,26.6229837,-1.239799553,0.955937641,1.768822527,636.05529768999997,29,0.026182720699999999
AB,9,10,BETU,99.99999999,-1.015892052,0.067292158,1.903010735,206.7369464,4,0.099556829200000002
AB,9,11,ACER,99.99999999,-1.015892052,0.067292158,1.903010735,206.7369464,4,0.099556829200000002
AB,9,12,GENH,99.99999999,-1.015892052,0.067292158,1.903010735,206.7369464,4,0.099556829200000002
AB,9,121,CARY,99.99999999,-1.015892052,0.067292158,1.903010735,206.7369464,4,0.099556829200000002
AB,9,122,JUGL,99.99999999,-1.015892052,0.067292158,1.903010735,206.7369464,4,0.099556829200000002
AB,9,123,ALNU,99.99999999,-1.015892052,0.067292158,1.903010735,206.7369464,4,0.099556829200000002
AB,9,124,OSTR,99.99999999,-1.015892052,0.067292158,1.903010735,206.7369464,4,0.099556829200000002
AB,9,125,CARP,99.99999999,-1.015892052,0.067292158,1.903010735,206.7369464,4,0.099556829200000002
AB,9,126,FAGU,99.99999999,-1.015892052,0.067292158,1.903010735,206.7369464,4,0.099556829200000002
AB,9,127,QUER,99.99999999,-1.015892052,0.067292158,1.903010735,206.7369464,4,0.099556829200000002
AB,9,128,ULMU,99.99999999,-1.015892052,0.067292158,1.903010735,206.7369464,4,0.099556829200000002
AB,9,129,MORU,99.99999999,-1.015892052,0.067292158,1.903010735,206.7369464,4,0.099556829200000002
AB,9,130,LIRI,99.99999999,-1.015892052,0.067292158,1.903010735,206.7369464,4,0.099556829200000002
AB,9,131,MAGN,99.99999999,-1.015892052,0.067292158,1.903010735,206.7369464,4,0.099556829200000002
AB,9,132,SASS,99.99999999,-1.015892052,0.067292158,1.903010735,206.7369464,4,0.099556829200000002
AB,9,133,PLAT,99.99999999,-1.015892052,0.067292158,1.903010735,206.7369464,4,0.099556829200000002
AB,9,134,PRUN,99.99999999,-1.015892052,0.067292158,1.903010735,206.7369464,4,0.099556829200000002
AB,9,135,GLED,99.99999999,-1.015892052,0.067292158,1.903010735,206.7369464,4,0.099556829200000002
AB,9,136,ROBI,99.99999999,-1.015892052,0.067292158,1.903010735,206.7369464,4,0.099556829200000002
AB,9,137,TILI,99.99999999,-1.015892052,0.067292158,1.903010735,206.7369464,4,0.099556829200000002
AB,9,138,NYSS,99.99999999,-1.015892052,0.067292158,1.903010735,206.7369464,4,0.099556829200000002
AB,9,139,CORN,99.99999999,-1.015892052,0.067292158,1.903010735,206.7369464,4,0.099556829200000002
AB,9,140,ARBU,99.99999999,-1.015892052,0.067292158,1.903010735,206.7369464,4,0.099556829200000002
AB,9,141,FRAX,99.99999999,-1.015892052,0.067292158,1.903010735,206.7369464,4,0.099556829200000002
AB,9,142,SALI,99.99999999,-1.015892052,0.067292158,1.903010735,206.7369464,4,0.099556829200000002
AB,9,143,GYMN,99.99999999,-1.015892052,0.067292158,1.903010735,206.7369464,4,0.099556829200000002
AB,9,144,CELT,99.99999999,-1.015892052,0.067292158,1.903010735,206.7369464,4,0.099556829200000002
AB,9,145,AMEL,99.99999999,-1.015892052,0.067292158,1.903010735,206.7369464,4,0.099556829200000002
AB,9,146,CORY,99.99999999,-1.015892052,0.067292158,1.903010735,206.7369464,4,0.099556829200000002
AB,9,147,CRAT,99.99999999,-1.015892052,0.067292158,1.903010735,206.7369464,4,0.099556829200000002
AB,9,148,ILEX,99.99999999,-1.015892052,0.067292158,1.903010735,206.7369464,4,0.099556829200000002
AB,9,149,MALU,99.99999999,-1.015892052,0.067292158,1.903010735,206.7369464,4,0.099556829200000002
AB,9,150,NEMO,99.99999999,-1.015892052,0.067292158,1.903010735,206.7369464,4,0.099556829200000002
AB,9,151,RHUS,99.99999999,-1.015892052,0.067292158,1.903010735,206.7369464,4,0.099556829200000002
AB,9,152,SORB,99.99999999,-1.015892052,0.067292158,1.903010735,206.7369464,4,0.099556829200000002
AB,9,153,VIBU,99.99999999,-1.015892052,0.067292158,1.903010735,206.7369464,4,0.099556829200000002
AB,9,154,CAST,99.99999999,-1.015892052,0.067292158,1.903010735,206.7369464,4,0.099556829200000002
AB,9,155,ASIM,99.99999999,-1.015892052,0.067292158,1.903010735,206.7369464,4,0.099556829200000002
AB,10,1,PICE,7.990651974,-0.935196192,0.940352245,1.374072773,658.35024884999996,33,0.056285975
AB,10,2,PINU,99.99999999,-1.619269195,0.971015869,1.517920318,627.71148980999999,32,0.027183894900000002
AB,10,3,ABIE,26.21988062,-1.786459277,0.998701702,1.118699712,329.0980206,12,0.023461838700000001
AB,10,5,PSEU,99.99999999,-1.680679955,0.983494956,1.066972991,410.79147707999999,11,0.013809396
AB,10,6,LARI,2.787784403,-2.108897833,1.107940282,1.205519184,199.53544905999999,21,0.119690446
AB,10,8,GENC,225.2787117,-1.917835486,0.991069849,1.529353818,658.35024884999996,33,0.015078107300000001
AB,10,9,POPU,26.6229837,-1.239799553,0.955937641,1.768822527,636.05529768999997,29,0.026182720699999999
AB,10,10,BETU,99.99999999,-1.015892052,0.067292158,1.903010735,206.7369464,4,0.099556829200000002
AB,10,11,ACER,99.99999999,-1.015892052,0.067292158,1.903010735,206.7369464,4,0.099556829200000002
AB,10,13,GENH,99.99999999,-1.015892052,0.067292158,1.903010735,206.7369464,4,0.099556829200000002
AB,10,121,CARY,99.99999999,-1.015892052,0.067292158,1.903010735,206.7369464,4,0.099556829200000002
AB,10,122,JUGL,99.99999999,-1.015892052,0.067292158,1.903010735,206.7369464,4,0.099556829200000002
AB,10,123,ALNU,99.99999999,-1.015892052,0.067292158,1.903010735,206.7369464,4,0.099556829200000002
AB,10,124,OSTR,99.99999999,-1.015892052,0.067292158,1.903010735,206.7369464,4,0.099556829200000002
AB,10,125,CARP,99.99999999,-1.015892052,0.067292158,1.903010735,206.7369464,4,0.099556829200000002
AB,10,126,FAGU,99.99999999,-1.015892052,0.067292158,1.903010735,206.7369464,4,0.099556829200000002
AB,10,127,QUER,99.99999999,-1.015892052,0.067292158,1.903010735,206.7369464,4,0.099556829200000002
AB,10,128,ULMU,99.99999999,-1.015892052,0.067292158,1.903010735,206.7369464,4,0.099556829200000002
AB,10,129,MORU,99.99999999,-1.015892052,0.067292158,1.903010735,206.7369464,4,0.099556829200000002
AB,10,130,LIRI,99.99999999,-1.015892052,0.067292158,1.903010735,206.7369464,4,0.099556829200000002
AB,10,131,MAGN,99.99999999,-1.015892052,0.067292158,1.903010735,206.7369464,4,0.099556829200000002
AB,10,132,SASS,99.99999999,-1.015892052,0.067292158,1.903010735,206.7369464,4,0.099556829200000002
AB,10,133,PLAT,99.99999999,-1.015892052,0.067292158,1.903010735,206.7369464,4,0.099556829200000002
AB,10,134,PRUN,99.99999999,-1.015892052,0.067292158,1.903010735,206.7369464,4,0.099556829200000002
AB,10,135,GLED,99.99999999,-1.015892052,0.067292158,1.903010735,206.7369464,4,0.099556829200000002
AB,10,136,ROBI,99.99999999,-1.015892052,0.067292158,1.903010735,206.7369464,4,0.099556829200000002
AB,10,137,TILI,99.99999999,-1.015892052,0.067292158,1.903010735,206.7369464,4,0.099556829200000002
AB,10,138,NYSS,99.99999999,-1.015892052,0.067292158,1.903010735,206.7369464,4,0.099556829200000002
AB,10,139,CORN,99.99999999,-1.015892052,0.067292158,1.903010735,206.7369464,4,0.099556829200000002
AB,10,140,ARBU,99.99999999,-1.015892052,0.067292158,1.903010735,206.7369464,4,0.099556829200000002
AB,10,141,FRAX,99.99999999,-1.015892052,0.067292158,1.903010735,206.7369464,4,0.099556829200000002
AB,10,142,SALI,99.99999999,-1.015892052,0.067292158,1.903010735,206.7369464,4,0.099556829200000002
AB,10,143,GYMN,99.99999999,-1.015892052,0.067292158,1.903010735,206.7369464,4,0.099556829200000002
AB,10,144,CELT,99.99999999,-1.015892052,0.067292158,1.903010735,206.7369464,4,0.099556829200000002
AB,10,145,AMEL,99.99999999,-1.015892052,0.067292158,1.903010735,206.7369464,4,0.099556829200000002
AB,10,146,CORY,99.99999999,-1.015892052,0.067292158,1.903010735,206.7369464,4,0.099556829200000002
AB,10,147,CRAT,99.99999999,-1.015892052,0.067292158,1.903010735,206.7369464,4,0.099556829200000002
AB,10,148,ILEX,99.99999999,-1.015892052,0.067292158,1.903010735,206.7369464,4,0.099556829200000002
AB,10,149,MALU,99.99999999,-1.015892052,0.067292158,1.903010735,206.7369464,4,0.099556829200000002
AB,10,150,NEMO,99.99999999,-1.015892052,0.067292158,1.903010735,206.7369464,4,0.099556829200000002
AB,10,151,RHUS,99.99999999,-1.015892052,0.067292158,1.903010735,206.7369464,4,0.099556829200000002
AB,10,152,SORB,99.99999999,-1.015892052,0.067292158,1.903010735,206.7369464,4,0.099556829200000002
AB,10,153,VIBU,99.99999999,-1.015892052,0.067292158,1.903010735,206.7369464,4,0.099556829200000002
AB,10,154,CAST,99.99999999,-1.015892052,0.067292158,1.903010735,206.7369464,4,0.099556829200000002
AB,10,155,ASIM,99.99999999,-1.015892052,0.067292158,1.903010735,206.7369464,4,0.099556829200000002
AB,14,1,PICE,99.99999999,-1.627126039,0.972198917,1.111466491,588.99654381000005,17,0.013156091999999999
AB,14,2,PINU,10.04667548,-0.729923698,0.727361098,1.600556649,377.89513718000001,19,0.096267718299999999
AB,14,3,ABIE,26.21988062,-1.786459277,0.998701702,1.118699712,329.0980206,12,0.023461838700000001
AB,14,4,TSUG,0.958065216,-1.206823487,1.002312295,1.026853473,879.86950308999997,38,0.012621716
AB,14,5,PSEU,99.99999999,-1.680679955,0.983494956,1.066972991,410.79147707999999,11,0.013809396
AB,14,6,LARI,2.787784403,-2.108897833,1.107940282,1.205519184,199.53544905999999,21,0.119690446
AB,14,7,THUJ,1.774087458,-1.413917748,1.001129304,1.060788394,2473.4432956000001,43,0.008689301
AB,14,8,GENC,16.70460574,-0.91655169,0.829356953,1.606802681,588.99654381000005,23,0.087876460700000006
AB,14,9,POPU,2.006416136,-0.286539952,0.493379984,1.223749653,343.34153687999998,11,0.17996923910000001
AB,14,10,BETU,99.99999999,-1.015892052,0.067292158,1.903010735,206.7369464,4,0.099556829200000002
AB,14,11,ACER,99.99999999,-1.015892052,0.067292158,1.903010735,206.7369464,4,0.099556829200000002
AB,14,13,GENH,99.99999999,-1.015892052,0.067292158,1.903010735,206.7369464,4,0.099556829200000002
AB,14,121,CARY,99.99999999,-1.015892052,0.067292158,1.903010735,206.7369464,4,0.099556829200000002
AB,14,122,JUGL,99.99999999,-1.015892052,0.067292158,1.903010735,206.7369464,4,0.099556829200000002
AB,14,123,ALNU,99.99999999,-1.015892052,0.067292158,1.903010735,206.7369464,4,0.099556829200000002
AB,14,124,OSTR,99.99999999,-1.015892052,0.067292158,1.903010735,206.7369464,4,0.099556829200000002
AB,14,125,CARP,99.99999999,-1.015892052,0.067292158,1.903010735,206.7369464,4,0.099556829200000002
AB,14,126,FAGU,99.99999999,-1.015892052,0.067292158,1.903010735,206.7369464,4,0.099556829200000002
AB,14,127,QUER,99.99999999,-1.015892052,0.067292158,1.903010735,206.7369464,4,0.099556829200000002
AB,14,128,ULMU,99.99999999,-1.015892052,0.067292158,1.903010735,206.7369464,4,0.099556829200000002
AB,14,129,MORU,99.99999999,-1.015892052,0.067292158,1.903010735,206.7369464,4,0.099556829200000002
AB,14,130,LIRI,99.99999999,-1.015892052,0.067292158,1.903010735,206.7369464,4,0.099556829200000002
AB,14,131,MAGN,99.99999999,-1.015892052,0.067292158,1.903010735,206.7369464,4,0.099556829200000002
AB,14,132,SASS,99.99999999,-1.015892052,0.067292158,1.903010735,206.7369464,4,0.099556829200000002
AB,14,133,PLAT,99.99999999,-1.015892052,0.067292158,1.903010735,206.7369464,4,0.099556829200000002
AB,14,134,PRUN,99.99999999,-1.015892052,0.067292158,1.903010735,206.7369464,4,0.099556829200000002
AB,14,135,GLED,99.99999999,-1.015892052,0.067292158,1.903010735,206.7369464,4,0.099556829200000002
AB,14,136,ROBI,99.99999999,-1.015892052,0.067292158,1.903010735,206.7369464,4,0.099556829200000002
AB,14,137,TILI,99.99999999,-1.015892052,0.067292158,1.903010735,206.7369464,4,0.099556829200000002
AB,14,138,NYSS,99.99999999,-1.015892052,0.067292158,1.903010735,206.7369464,4,0.099556829200000002
AB,14,139,CORN,99.99999999,-1.015892052,0.067292158,1.903010735,206.7369464,4,0.099556829200000002
AB,14,140,ARBU,99.99999999,-1.015892052,0.067292158,1.903010735,206.7369464,4,0.099556829200000002
AB,14,141,FRAX,99.99999999,-1.015892052,0.067292158,1.903010735,206.7369464,4,0.099556829200000002
AB,14,142,SALI,99.99999999,-1.015892052,0.067292158,1.903010735,206.7369464,4,0.099556829200000002
AB,14,143,GYMN,99.99999999,-1.015892052,0.067292158,1.903010735,206.7369464,4,0.099556829200000002
AB,14,144,CELT,99.99999999,-1.015892052,0.067292158,1.903010735,206.7369464,4,0.099556829200000002
AB,14,145,AMEL,99.99999999,-1.015892052,0.067292158,1.903010735,206.7369464,4,0.099556829200000002
AB,14,146,CORY,99.99999999,-1.015892052,0.067292158,1.903010735,206.7369464,4,0.099556829200000002
AB,14,147,CRAT,99.99999999,-1.015892052,0.067292158,1.903010735,206.7369464,4,0.099556829200000002
AB,14,148,ILEX,99.99999999,-1.015892052,0.067292158,1.903010735,206.7369464,4,0.099556829200000002
AB,14,149,MALU,99.99999999,-1.015892052,0.067292158,1.903010735,206.7369464,4,0.099556829200000002
AB,14,150,NEMO,99.99999999,-1.015892052,0.067292158,1.903010735,206.7369464,4,0.099556829200000002
AB,14,151,RHUS,99.99999999,-1.015892052,0.067292158,1.903010735,206.7369464,4,0.099556829200000002
AB,14,152,SORB,99.99999999,-1.015892052,0.067292158,1.903010735,206.7369464,4,0.099556829200000002
AB,14,153,VIBU,99.99999999,-1.015892052,0.067292158,1.903010735,206.7369464,4,0.099556829200000002
AB,14,154,CAST,99.99999999,-1.015892052,0.067292158,1.903010735,206.7369464,4,0.099556829200000002
AB,14,155,ASIM,99.99999999,-1.015892052,0.067292158,1.903010735,206.7369464,4,0.099556829200000002
BC,4,1,PICE,99.99999999,-2.834478289,1.000904507,1.010012796,617.90201203000004,18,0.002016311
BC,4,2,PINU,1.081496128,-0.014292353,0.00000001,1.023093347,282.67918036999998,6,0.010528074700000001
BC,4,3,ABIE,0.147523235,-0.498517624,0.988164096,1.060445506,394.45499999999998,6,0.007457569
BC,4,4,TSUG,2.896700294,-1.262326712,0.998688527,1.051082755,1876.337458,65,0.003170338
BC,4,5,PSEU,0.54870672,-0.835829886,0.996274057,1.022997618,1828.8488792000001,73,0.0080273
BC,4,6,LARI,0.903083756,-1.223324312,0.999524272,1.014771267,795.06432588999996,31,0.000861213
BC,4,7,THUJ,99.99999999,-1.896679055,1.006262742,1.242212467,1451.5008875999999,42,0.057165069800000003
BC,4,8,GENC,99.99999999,-2.834478289,1.000904507,1.010012796,617.90201203000004,18,0.002016311
BC,4,9,POPU,38.207106,-1.701809224,0.995827307,1.078130179,752.35775609999996,31,0.007527835
BC,4,10,BETU,1.104779442,-0.01874544,0.00000001,1.025520353,454.14807021000001,13,0.015140175
BC,4,11,ACER,99.99999999,-2.272171647,0.998331188,1.037025318,567.41213436999999,13,0.002158825
BC,4,12,GENH,99.99999999,-2.202629612,0.998115883,1.042735212,879.85425497999995,19,0.004728014
BC,4,71,JUNI,99.99999999,-1.896679055,1.006262742,1.242212467,1451.5008875999999,42,0.057165069800000003
BC,4,72,TAXU,99.99999999,-1.896679055,1.006262742,1.242212467,1451.5008875999999,42,0.057165069800000003
BC,4,73,CHAM,99.99999999,-1.896679055,1.006262742,1.242212467,1451.5008875999999,42,0.057165069800000003
BC,4,121,CARY,99.99999999,-2.202629612,0.998115883,1.042735212,879.85425497999995,19,0.004728014
BC,4,122,JUGL,99.99999999,-2.202629612,0.998115883,1.042735212,879.85425497999995,19,0.004728014
BC,4,123,ALNU,99.99999999,-2.202629612,0.998115883,1.042735212,879.85425497999995,19,0.004728014
BC,4,124,OSTR,99.99999999,-2.202629612,0.998115883,1.042735212,879.85425497999995,19,0.004728014
BC,4,125,CARP,99.99999999,-2.202629612,0.998115883,1.042735212,879.85425497999995,19,0.004728014
BC,4,126,FAGU,99.99999999,-2.202629612,0.998115883,1.042735212,879.85425497999995,19,0.004728014
BC,4,127,QUER,99.99999999,-2.202629612,0.998115883,1.042735212,879.85425497999995,19,0.004728014
BC,4,128,ULMU,99.99999999,-2.202629612,0.998115883,1.042735212,879.85425497999995,19,0.004728014
BC,4,129,MORU,99.99999999,-2.202629612,0.998115883,1.042735212,879.85425497999995,19,0.004728014
BC,4,130,LIRI,99.99999999,-2.202629612,0.998115883,1.042735212,879.85425497999995,19,0.004728014
BC,4,131,MAGN,99.99999999,-2.202629612,0.998115883,1.042735212,879.85425497999995,19,0.004728014
BC,4,132,SASS,99.99999999,-2.202629612,0.998115883,1.042735212,879.85425497999995,19,0.004728014
BC,4,133,PLAT,99.99999999,-2.202629612,0.998115883,1.042735212,879.85425497999995,19,0.004728014
BC,4,134,PRUN,99.99999999,-2.202629612,0.998115883,1.042735212,879.85425497999995,19,0.004728014
BC,4,135,GLED,99.99999999,-2.202629612,0.998115883,1.042735212,879.85425497999995,19,0.004728014
BC,4,136,ROBI,99.99999999,-2.202629612,0.998115883,1.042735212,879.85425497999995,19,0.004728014
BC,4,137,TILI,99.99999999,-2.202629612,0.998115883,1.042735212,879.85425497999995,19,0.004728014
BC,4,138,NYSS,99.99999999,-2.202629612,0.998115883,1.042735212,879.85425497999995,19,0.004728014
BC,4,139,CORN,99.99999999,-2.202629612,0.998115883,1.042735212,879.85425497999995,19,0.004728014
BC,4,140,ARBU,99.99999999,-2.202629612,0.998115883,1.042735212,879.85425497999995,19,0.004728014
BC,4,141,FRAX,99.99999999,-2.202629612,0.998115883,1.042735212,879.85425497999995,19,0.004728014
BC,4,142,SALI,99.99999999,-2.202629612,0.998115883,1.042735212,879.85425497999995,19,0.004728014
BC,4,143,GYMN,99.99999999,-2.202629612,0.998115883,1.042735212,879.85425497999995,19,0.004728014
BC,4,144,CELT,99.99999999,-2.202629612,0.998115883,1.042735212,879.85425497999995,19,0.004728014
BC,4,145,AMEL,99.99999999,-2.202629612,0.998115883,1.042735212,879.85425497999995,19,0.004728014
BC,4,146,CORY,99.99999999,-2.202629612,0.998115883,1.042735212,879.85425497999995,19,0.004728014
BC,4,147,CRAT,99.99999999,-2.202629612,0.998115883,1.042735212,879.85425497999995,19,0.004728014
BC,4,148,ILEX,99.99999999,-2.202629612,0.998115883,1.042735212,879.85425497999995,19,0.004728014
BC,4,149,MALU,99.99999999,-2.202629612,0.998115883,1.042735212,879.85425497999995,19,0.004728014
BC,4,150,NEMO,99.99999999,-2.202629612,0.998115883,1.042735212,879.85425497999995,19,0.004728014
BC,4,151,RHUS,99.99999999,-2.202629612,0.998115883,1.042735212,879.85425497999995,19,0.004728014
BC,4,152,SORB,99.99999999,-2.202629612,0.998115883,1.042735212,879.85425497999995,19,0.004728014
BC,4,153,VIBU,99.99999999,-2.202629612,0.998115883,1.042735212,879.85425497999995,19,0.004728014
BC,4,154,CAST,99.99999999,-2.202629612,0.998115883,1.042735212,879.85425497999995,19,0.004728014
BC,4,155,ASIM,99.99999999,-2.202629612,0.998115883,1.042735212,879.85425497999995,19,0.004728014
BC,9,1,PICE,2.199773662,-1.13986322,0.994398567,1.022902126,542.71387140000002,18,0.005722634
BC,9,2,PINU,4.927963816,-1.485699435,0.998623982,1.025873798,315.17773526000002,13,0.004867747
BC,9,3,ABIE,0.147523235,-0.498517624,0.988164096,1.060445506,394.45499999999998,6,0.007457569
BC,9,4,TSUG,2.896700294,-1.262326712,0.998688527,1.051082755,1876.337458,65,0.003170338
BC,9,5,PSEU,0.54870672,-0.835829886,0.996274057,1.022997618,1828.8488792000001,73,0.0080273
BC,9,6,LARI,0.903083756,-1.223324312,0.999524272,1.014771267,795.06432588999996,31,0.000861213
BC,9,7,THUJ,99.99999999,-1.896679055,1.006262742,1.242212467,1451.5008875999999,42,0.057165069800000003
BC,9,8,GENC,2.199773662,-1.13986322,0.994398567,1.022902126,542.71387140000002,18,0.005722634
BC,9,9,POPU,99.99999999,-2.152632774,0.998570978,1.023362722,562.73113332000003,26,0.001889135
BC,9,10,BETU,1.104779442,-0.01874544,0.00000001,1.025520353,454.14807021000001,13,0.015140175
BC,9,11,ACER,99.99999999,-2.272171647,0.998331188,1.037025318,567.41213436999999,13,0.002158825
BC,9,12,GENH,99.99999999,-2.202629612,0.998115883,1.042735212,879.85425497999995,19,0.004728014
BC,9,71,JUNI,99.99999999,-1.896679055,1.006262742,1.242212467,1451.5008875999999,42,0.057165069800000003
BC,9,72,TAXU,99.99999999,-1.896679055,1.006262742,1.242212467,1451.5008875999999,42,0.057165069800000003
BC,9,73,CHAM,99.99999999,-1.896679055,1.006262742,1.242212467,1451.5008875999999,42,0.057165069800000003
BC,9,121,CARY,99.99999999,-2.202629612,0.998115883,1.042735212,879.85425497999995,19,0.004728014
BC,9,122,JUGL,99.99999999,-2.202629612,0.998115883,1.042735212,879.85425497999995,19,0.004728014
BC,9,123,ALNU,99.99999999,-2.202629612,0.998115883,1.042735212,879.85425497999995,19,0.004728014
BC,9,124,OSTR,99.99999999,-2.202629612,0.998115883,1.042735212,879.85425497999995,19,0.004728014
BC,9,125,CARP,99.99999999,-2.202629612,0.998115883,1.042735212,879.85425497999995,19,0.004728014
BC,9,126,FAGU,99.99999999,-2.202629612,0.998115883,1.042735212,879.85425497999995,19,0.004728014
BC,9,127,QUER,99.99999999,-2.202629612,0.998115883,1.042735212,879.85425497999995,19,0.004728014
BC,9,128,ULMU,99.99999999,-2.202629612,0.998115883,1.042735212,879.85425497999995,19,0.004728014
BC,9,129,MORU,99.99999999,-2.202629612,0.998115883,1.042735212,879.85425497999995,19,0.004728014
BC,9,130,LIRI,99.99999999,-2.202629612,0.998115883,1.042735212,879.85425497999995,19,0.004728014
BC,9,131,MAGN,99.99999999,-2.202629612,0.998115883,1.042735212,879.85425497999995,19,0.004728014
BC,9,132,SASS,99.99999999,-2.202629612,0.998115883,1.042735212,879.85425497999995,19,0.004728014
BC,9,133,PLAT,99.99999999,-2.202629612,0.998115883,1.042735212,879.85425497999995,19,0.004728014
BC,9,134,PRUN,99.99999999,-2.202629612,0.998115883,1.042735212,879.85425497999995,19,0.004728014
BC,9,135,GLED,99.99999999,-2.202629612,0.998115883,1.042735212,879.85425497999995,19,0.004728014
BC,9,136,ROBI,99.99999999,-2.202629612,0.998115883,1.042735212,879.85425497999995,19,0.004728014
BC,9,137,TILI,99.99999999,-2.202629612,0.998115883,1.042735212,879.85425497999995,19,0.004728014
BC,9,138,NYSS,99.99999999,-2.202629612,0.998115883,1.042735212,879.85425497999995,19,0.004728014
BC,9,139,CORN,99.99999999,-2.202629612,0.998115883,1.042735212,879.85425497999995,19,0.004728014
BC,9,140,ARBU,99.99999999,-2.202629612,0.998115883,1.042735212,879.85425497999995,19,0.004728014
BC,9,141,FRAX,99.99999999,-2.202629612,0.998115883,1.042735212,879.85425497999995,19,0.004728014
BC,9,142,SALI,99.99999999,-2.202629612,0.998115883,1.042735212,879.85425497999995,19,0.004728014
BC,9,143,GYMN,99.99999999,-2.202629612,0.998115883,1.042735212,879.85425497999995,19,0.004728014
BC,9,144,CELT,99.99999999,-2.202629612,0.998115883,1.042735212,879.85425497999995,19,0.004728014
BC,9,145,AMEL,99.99999999,-2.202629612,0.998115883,1.042735212,879.85425497999995,19,0.004728014
BC,9,146,CORY,99.99999999,-2.202629612,0.998115883,1.042735212,879.85425497999995,19,0.004728014
BC,9,147,CRAT,99.99999999,-2.202629612,0.998115883,1.042735212,879.85425497999995,19,0.004728014
BC,9,148,ILEX,99.99999999,-2.202629612,0.998115883,1.042735212,879.85425497999995,19,0.004728014
BC,9,149,MALU,99.99999999,-2.202629612,0.998115883,1.042735212,879.85425497999995,19,0.004728014
BC,9,150,NEMO,99.99999999,-2.202629612,0.998115883,1.042735212,879.85425497999995,19,0.004728014
BC,9,151,RHUS,99.99999999,-2.202629612,0.998115883,1.042735212,879.85425497999995,19,0.004728014
BC,9,152,SORB,99.99999999,-2.202629612,0.998115883,1.042735212,879.85425497999995,19,0.004728014
BC,9,153,VIBU,99.99999999,-2.202629612,0.998115883,1.042735212,879.85425497999995,19,0.004728014
BC,9,154,CAST,99.99999999,-2.202629612,0.998115883,1.042735212,879.85425497999995,19,0.004728014
BC,9,155,ASIM,99.99999999,-2.202629612,0.998115883,1.042735212,879.85425497999995,19,0.004728014
BC,12,1,PICE,99.99999999,-2.156189728,0.998694917,1.014611553,629.39250000000004,15,0.001960011
BC,12,2,PINU,99.99999999,-2.051599815,0.997678358,1.037662962,501.37956310999999,20,0.004730918
BC,12,3,ABIE,0.147523235,-0.498517624,0.988164096,1.060445506,394.45499999999998,6,0.007457569
BC,12,4,TSUG,2.896700294,-1.262326712,0.998688527,1.051082755,1876.337458,65,0.003170338
BC,12,5,PSEU,0.54870672,-0.835829886,0.996274057,1.022997618,1828.8488792000001,73,0.0080273
BC,12,6,LARI,0.903083756,-1.223324312,0.999524272,1.014771267,795.06432588999996,31,0.000861213
BC,12,7,THUJ,99.99999999,-1.896679055,1.006262742,1.242212467,1451.5008875999999,42,0.057165069800000003
BC,12,8,GENC,99.99999999,-2.156189728,0.998694917,1.014611553,629.39250000000004,15,0.001960011
BC,12,9,POPU,99.99999999,-1.98054049,0.993428533,1.027311529,459.37201004999997,7,0.006186125
BC,12,10,BETU,0.890895605,-0.010674865,0.170398718,1.02312178,361.3541063,7,0.018554142
BC,12,11,ACER,99.99999999,-2.272171647,0.998331188,1.037025318,567.41213436999999,13,0.002158825
BC,12,12,GENH,99.99999999,-2.202629612,0.998115883,1.042735212,879.85425497999995,19,0.004728014
BC,12,71,JUNI,99.99999999,-1.896679055,1.006262742,1.242212467,1451.5008875999999,42,0.057165069800000003
BC,12,72,TAXU,99.99999999,-1.896679055,1.006262742,1.242212467,1451.5008875999999,42,0.057165069800000003
BC,12,73,CHAM,99.99999999,-1.896679055,1.006262742,1.242212467,1451.5008875999999,42,0.057165069800000003
BC,12,121,CARY,99.99999999,-2.202629612,0.998115883,1.042735212,879.85425497999995,19,0.004728014
BC,12,122,JUGL,99.99999999,-2.202629612,0.998115883,1.042735212,879.85425497999995,19,0.004728014
BC,12,123,ALNU,99.99999999,-2.202629612,0.998115883,1.042735212,879.85425497999995,19,0.004728014
BC,12,124,OSTR,99.99999999,-2.202629612,0.998115883,1.042735212,879.85425497999995,19,0.004728014
BC,12,125,CARP,99.99999999,-2.202629612,0.998115883,1.042735212,879.85425497999995,19,0.004728014
BC,12,126,FAGU,99.99999999,-2.202629612,0.998115883,1.042735212,879.85425497999995,19,0.004728014
BC,12,127,QUER,99.99999999,-2.202629612,0.998115883,1.042735212,879.85425497999995,19,0.004728014
BC,12,128,ULMU,99.99999999,-2.202629612,0.998115883,1.042735212,879.85425497999995,19,0.004728014
BC,12,129,MORU,99.99999999,-2.202629612,0.998115883,1.042735212,879.85425497999995,19,0.004728014
BC,12,130,LIRI,99.99999999,-2.202629612,0.998115883,1.042735212,879.85425497999995,19,0.004728014
BC,12,131,MAGN,99.99999999,-2.202629612,0.998115883,1.042735212,879.85425497999995,19,0.004728014
BC,12,132,SASS,99.99999999,-2.202629612,0.998115883,1.042735212,879.85425497999995,19,0.004728014
BC,12,133,PLAT,99.99999999,-2.202629612,0.998115883,1.042735212,879.85425497999995,19,0.004728014
BC,12,134,PRUN,99.99999999,-2.202629612,0.998115883,1.042735212,879.85425497999995,19,0.004728014
BC,12,135,GLED,99.99999999,-2.202629612,0.998115883,1.042735212,879.85425497999995,19,0.004728014
BC,12,136,ROBI,99.99999999,-2.202629612,0.998115883,1.042735212,879.85425497999995,19,0.004728014
BC,12,137,TILI,99.99999999,-2.202629612,0.998115883,1.042735212,879.85425497999995,19,0.004728014
BC,12,138,NYSS,99.99999999,-2.202629612,0.998115883,1.042735212,879.85425497999995,19,0.004728014
BC,12,139,CORN,99.99999999,-2.202629612,0.998115883,1.042735212,879.85425497999995,19,0.004728014
BC,12,140,ARBU,99.99999999,-2.202629612,0.998115883,1.042735212,879.85425497999995,19,0.004728014
BC,12,141,FRAX,99.99999999,-2.202629612,0.998115883,1.042735212,879.85425497999995,19,0.004728014
BC,12,142,SALI,99.99999999,-2.202629612,0.998115883,1.042735212,879.85425497999995,19,0.004728014
BC,12,143,GYMN,99.99999999,-2.202629612,0.998115883,1.042735212,879.85425497999995,19,0.004728014
BC,12,144,CELT,99.99999999,-2.202629612,0.998115883,1.042735212,879.85425497999995,19,0.004728014
BC,12,145,AMEL,99.99999999,-2.202629612,0.998115883,1.042735212,879.85425497999995,19,0.004728014
BC,12,146,CORY,99.99999999,-2.202629612,0.998115883,1.042735212,879.85425497999995,19,0.004728014
BC,12,147,CRAT,99.99999999,-2.202629612,0.998115883,1.042735212,879.85425497999995,19,0.004728014
BC,12,148,ILEX,99.99999999,-2.202629612,0.998115883,1.042735212,879.85425497999995,19,0.004728014
BC,12,149,MALU,99.99999999,-2.202629612,0.998115883,1.042735212,879.85425497999995,19,0.004728014
BC,12,150,NEMO,99.99999999,-2.202629612,0.998115883,1.042735212,879.85425497999995,19,0.004728014
BC,12,151,RHUS,99.99999999,-2.202629612,0.998115883,1.042735212,879.85425497999995,19,0.004728014
BC,12,152,SORB,99.99999999,-2.202629612,0.998115883,1.042735212,879.85425497999995,19,0.004728014
BC,12,153,VIBU,99.99999999,-2.202629612,0.998115883,1.042735212,879.85425497999995,19,0.004728014
BC,12,154,CAST,99.99999999,-2.202629612,0.998115883,1.042735212,879.85425497999995,19,0.004728014
BC,12,155,ASIM,99.99999999,-2.202629612,0.998115883,1.042735212,879.85425497999995,19,0.004728014
BC,13,1,PICE,0.337060982,-0.905106328,0.998761025,1.018382829,2605.2795371000002,65,0.003839468
BC,13,2,PINU,1.767955442,-1.263591932,0.998690735,1.020035359,685.99470321000001,23,0.002245781
BC,13,3,ABIE,0.752347706,-0.952378528,0.99539267,1.031981033,1134.020015,26,0.006466197
BC,13,4,TSUG,2.896700294,-1.262326712,0.998688527,1.051082755,1876.337458,65,0.003170338
BC,13,5,PSEU,0.54870672,-0.835829886,0.996274057,1.022997618,1828.8488792000001,73,0.0080273
BC,13,6,LARI,0.903083756,-1.223324312,0.999524272,1.014771267,795.06432588999996,31,0.000861213
BC,13,7,THUJ,99.99999999,-1.896679055,1.006262742,1.242212467,1451.5008875999999,42,0.057165069800000003
BC,13,8,GENC,2.896700294,-1.262326712,0.998688527,1.051082755,1876.337458,65,0.003170338
BC,13,9,POPU,99.99999999,-2.272171647,0.998331188,1.037025318,567.41213436999999,13,0.002158825
BC,13,10,BETU,0.890895605,-0.010674865,0.170398718,1.02312178,361.3541063,7,0.018554142
BC,13,11,ACER,99.99999999,-2.272171647,0.998331188,1.037025318,567.41213436999999,13,0.002158825
BC,13,12,GENH,99.99999999,-2.202629612,0.998115883,1.042735212,879.85425497999995,19,0.004728014
BC,13,71,JUNI,99.99999999,-1.896679055,1.006262742,1.242212467,1451.5008875999999,42,0.057165069800000003
BC,13,72,TAXU,99.99999999,-1.896679055,1.006262742,1.242212467,1451.5008875999999,42,0.057165069800000003
BC,13,73,CHAM,99.99999999,-1.896679055,1.006262742,1.242212467,1451.5008875999999,42,0.057165069800000003
BC,13,121,CARY,99.99999999,-2.202629612,0.998115883,1.042735212,879.85425497999995,19,0.004728014
BC,13,122,JUGL,99.99999999,-2.202629612,0.998115883,1.042735212,879.85425497999995,19,0.004728014
BC,13,123,ALNU,99.99999999,-2.202629612,0.998115883,1.042735212,879.85425497999995,19,0.004728014
BC,13,124,OSTR,99.99999999,-2.202629612,0.998115883,1.042735212,879.85425497999995,19,0.004728014
BC,13,125,CARP,99.99999999,-2.202629612,0.998115883,1.042735212,879.85425497999995,19,0.004728014
BC,13,126,FAGU,99.99999999,-2.202629612,0.998115883,1.042735212,879.85425497999995,19,0.004728014
BC,13,127,QUER,99.99999999,-2.202629612,0.998115883,1.042735212,879.85425497999995,19,0.004728014
BC,13,128,ULMU,99.99999999,-2.202629612,0.998115883,1.042735212,879.85425497999995,19,0.004728014
BC,13,129,MORU,99.99999999,-2.202629612,0.998115883,1.042735212,879.85425497999995,19,0.004728014
BC,13,130,LIRI,99.99999999,-2.202629612,0.998115883,1.042735212,879.85425497999995,19,0.004728014
BC,13,131,MAGN,99.99999999,-2.202629612,0.998115883,1.042735212,879.85425497999995,19,0.004728014
BC,13,132,SASS,99.99999999,-2.202629612,0.998115883,1.042735212,879.85425497999995,19,0.004728014
BC,13,133,PLAT,99.99999999,-2.202629612,0.998115883,1.042735212,879.85425497999995,19,0.004728014
BC,13,134,PRUN,99.99999999,-2.202629612,0.998115883,1.042735212,879.85425497999995,19,0.004728014
BC,13,135,GLED,99.99999999,-2.202629612,0.998115883,1.042735212,879.85425497999995,19,0.004728014
BC,13,136,ROBI,99.99999999,-2.202629612,0.998115883,1.042735212,879.85425497999995,19,0.004728014
BC,13,137,TILI,99.99999999,-2.202629612,0.998115883,1.042735212,879.85425497999995,19,0.004728014
BC,13,138,NYSS,99.99999999,-2.202629612,0.998115883,1.042735212,879.85425497999995,19,0.004728014
BC,13,139,CORN,99.99999999,-2.202629612,0.998115883,1.042735212,879.85425497999995,19,0.004728014
BC,13,140,ARBU,99.99999999,-2.202629612,0.998115883,1.042735212,879.85425497999995,19,0.004728014
BC,13,141,FRAX,99.99999999,-2.202629612,0.998115883,1.042735212,879.85425497999995,19,0.004728014
BC,13,142,SALI,99.99999999,-2.202629612,0.998115883,1.042735212,879.85425497999995,19,0.004728014
BC,13,143,GYMN,99.99999999,-2.202629612,0.998115883,1.042735212,879.85425497999995,19,0.004728014
BC,13,144,CELT,99.99999999,-2.202629612,0.998115883,1.042735212,879.85425497999995,19,0.004728014
BC,13,145,AMEL,99.99999999,-2.202629612,0.998115883,1.042735212,879.85425497999995,19,0.004728014
BC,13,146,CORY,99.99999999,-2.202629612,0.998115883,1.042735212,879.85425497999995,19,0.004728014
BC,13,147,CRAT,99.99999999,-2.202629612,0.998115883,1.042735212,879.85425497999995,19,0.004728014
BC,13,148,ILEX,99.99999999,-2.202629612,0.998115883,1.042735212,879.85425497999995,19,0.004728014
BC,13,149,MALU,99.99999999,-2.202629612,0.998115883,1.042735212,879.85425497999995,19,0.004728014
BC,13,150,NEMO,99.99999999,-2.202629612,0.998115883,1.042735212,879.85425497999995,19,0.004728014
BC,13,151,RHUS,99.99999999,-2.202629612,0.998115883,1.042735212,879.85425497999995,19,0.004728014
BC,13,152,SORB,99.99999999,-2.202629612,0.998115883,1.042735212,879.85425497999995,19,0.004728014
BC,13,153,VIBU,99.99999999,-2.202629612,0.998115883,1.042735212,879.85425497999995,19,0.004728014
BC,13,154,CAST,99.99999999,-2.202629612,0.998115883,1.042735212,879.85425497999995,19,0.004728014
BC,13,155,ASIM,99.99999999,-2.202629612,0.998115883,1.042735212,879.85425497999995,19,0.004728014
BC,14,1,PICE,0.200355006,-0.677309647,0.995499139,1.021389224,1061.6165777000001,47,0.003267092
BC,14,2,PINU,99.99999999,-2.257283737,1.000036453,1.039719155,873.00446379000005,39,0.00202948
BC,14,3,ABIE,73.57445775,-2.389234531,1.000852762,1.034286731,948.14513294000005,33,0.001587254
BC,14,4,TSUG,14.47105918,-1.787275912,1.002914723,1.037795726,879.86950308999997,38,0.013010259099999999
BC,14,5,PSEU,16.7497384,-1.935597145,1.000233784,1.046652605,1855.68859,51,0.000490764
BC,14,6,LARI,0.903083756,-1.223324312,0.999524272,1.014771267,795.06432588999996,31,0.000861213
BC,14,7,THUJ,0.371875598,-0.663187838,0.991258332,1.070260389,2473.4432956000001,43,0.010500813499999999
BC,14,8,GENC,0.200355006,-0.677309647,0.995499139,1.021389224,1061.6165777000001,47,0.003267092
BC,14,9,POPU,99.99999999,-2.168093113,0.998622459,1.052408882,650.5206809,31,0.006982998
BC,14,10,BETU,0.71912159,-1.043654415,0.997744334,1.019765385,553.21248691000005,18,0.004182663
BC,14,11,ACER,99.99999999,-2.168093113,0.998622459,1.052408882,650.5206809,31,0.006982998
BC,14,12,GENH,99.99999999,-2.110098883,0.995381604,1.040908217,187.505731,4,0.005348762
BC,14,71,JUNI,0.371875598,-0.663187838,0.991258332,1.070260389,2473.4432956000001,43,0.010500813499999999
BC,14,72,TAXU,0.371875598,-0.663187838,0.991258332,1.070260389,2473.4432956000001,43,0.010500813499999999
BC,14,73,CHAM,0.371875598,-0.663187838,0.991258332,1.070260389,2473.4432956000001,43,0.010500813499999999
BC,14,121,CARY,99.99999999,-2.110098883,0.995381604,1.040908217,187.505731,4,0.005348762
BC,14,122,JUGL,99.99999999,-2.110098883,0.995381604,1.040908217,187.505731,4,0.005348762
BC,14,123,ALNU,99.99999999,-2.110098883,0.995381604,1.040908217,187.505731,4,0.005348762
BC,14,124,OSTR,99.99999999,-2.110098883,0.995381604,1.040908217,187.505731,4,0.005348762
BC,14,125,CARP,99.99999999,-2.110098883,0.995381604,1.040908217,187.505731,4,0.005348762
BC,14,126,FAGU,99.99999999,-2.110098883,0.995381604,1.040908217,187.505731,4,0.005348762
BC,14,127,QUER,99.99999999,-2.110098883,0.995381604,1.040908217,187.505731,4,0.005348762
BC,14,128,ULMU,99.99999999,-2.110098883,0.995381604,1.040908217,187.505731,4,0.005348762
BC,14,129,MORU,99.99999999,-2.110098883,0.995381604,1.040908217,187.505731,4,0.005348762
BC,14,130,LIRI,99.99999999,-2.110098883,0.995381604,1.040908217,187.505731,4,0.005348762
BC,14,131,MAGN,99.99999999,-2.110098883,0.995381604,1.040908217,187.505731,4,0.005348762
BC,14,132,SASS,99.99999999,-2.110098883,0.995381604,1.040908217,187.505731,4,0.005348762
BC,14,133,PLAT,99.99999999,-2.110098883,0.995381604,1.040908217,187.505731,4,0.005348762
BC,14,134,PRUN,99.99999999,-2.110098883,0.995381604,1.040908217,187.505731,4,0.005348762
BC,14,135,GLED,99.99999999,-2.110098883,0.995381604,1.040908217,187.505731,4,0.005348762
BC,14,136,ROBI,99.99999999,-2.110098883,0.995381604,1.040908217,187.505731,4,0.005348762
BC,14,137,TILI,99.99999999,-2.110098883,0.995381604,1.040908217,187.505731,4,0.005348762
BC,14,138,NYSS,99.99999999,-2.110098883,0.995381604,1.040908217,187.505731,4,0.005348762
BC,14,139,CORN,99.99999999,-2.110098883,0.995381604,1.040908217,187.505731,4,0.005348762
BC,14,140,ARBU,99.99999999,-2.110098883,0.995381604,1.040908217,187.505731,4,0.005348762
BC,14,141,FRAX,99.99999999,-2.110098883,0.995381604,1.040908217,187.505731,4,0.005348762
BC,14,142,SALI,99.99999999,-2.110098883,0.995381604,1.040908217,187.505731,4,0.005348762
BC,14,143,GYMN,99.99999999,-2.110098883,0.995381604,1.040908217,187.505731,4,0.005348762
BC,14,144,CELT,99.99999999,-2.110098883,0.995381604,1.040908217,187.505731,4,0.005348762
BC,14,145,AMEL,99.99999999,-2.110098883,0.995381604,1.040908217,187.505731,4,0.005348762
BC,14,146,CORY,99.99999999,-2.110098883,0.995381604,1.040908217,187.505731,4,0.005348762
BC,14,147,CRAT,99.99999999,-2.110098883,0.995381604,1.040908217,187.505731,4,0.005348762
BC,14,148,ILEX,99.99999999,-2.110098883,0.995381604,1.040908217,187.505731,4,0.005348762
BC,14,149,MALU,99.99999999,-2.110098883,0.995381604,1.040908217,187.505731,4,0.005348762
BC,14,150,NEMO,99.99999999,-2.110098883,0.995381604,1.040908217,187.505731,4,0.005348762
BC,14,151,RHUS,99.99999999,-2.110098883,0.995381604,1.040908217,187.505731,4,0.005348762
BC,14,152,SORB,99.99999999,-2.110098883,0.995381604,1.040908217,187.505731,4,0.005348762
BC,14,153,VIBU,99.99999999,-2.110098883,0.995381604,1.040908217,187.505731,4,0.005348762
BC,14,154,CAST,99.99999999,-2.110098883,0.995381604,1.040908217,187.505731,4,0.005348762
BC,14,155,ASIM,99.99999999,-2.110098883,0.995381604,1.040908217,187.505731,4,0.005348762
NB,7,1,PICE,7.362573353,-1.496467117,0.997588515,1.199929519,315.23335358000003,16,0.012103901
NB,7,2,PINU,0,0,1,1,,,
NB,7,3,ABIE,24.79633858,-1.614661399,1.015831622,1.363998223,1001.153444,16,0.051943931999999998
NB,7,4,TSUG,0,0,1,1,,,
NB,7,6,LARI,0,0,1,1,,,
NB,7,7,THUJ,99.99999999,-2.577526339,1.000785499,1.04076219,250.40558906999999,10,0.012014524400000001
NB,7,8,GENC,7.362573353,-1.496467117,0.997588515,1.199929519,315.23335358000003,16,0.012103901
NB,7,9,POPU,58.24894279,-1.62024594,1.002062761,1.323456819,1013.4041582999999,13,0.014998762699999999
NB,7,10,BETU,99.99999999,-1.579649885,0.962335779,1.4081327,1083.781035,12,0.051464757700000002
NB,7,11,ACER,99.99999999,-1.877451484,0.985611196,1.315140929,1024.6580917000001,12,0.021359985000000001
NB,7,12,GENH,99.99999999,-1.877451484,0.985611196,1.315140929,1024.6580917000001,12,0.021359985000000001
NB,7,71,JUNI,99.99999999,-2.577526339,1.000785499,1.04076219,250.40558906999999,10,0.012014524400000001
NB,7,72,TAXU,99.99999999,-2.577526339,1.000785499,1.04076219,250.40558906999999,10,0.012014524400000001
NB,7,73,CHAM,99.99999999,-2.577526339,1.000785499,1.04076219,250.40558906999999,10,0.012014524400000001
NB,7,121,CARY,99.99999999,-1.877451484,0.985611196,1.315140929,1024.6580917000001,12,0.021359985000000001
NB,7,122,JUGL,99.99999999,-1.877451484,0.985611196,1.315140929,1024.6580917000001,12,0.021359985000000001
NB,7,123,ALNU,0,0,1,1,1024.6580917000001,12,0.021359985000000001
NB,7,124,OSTR,0,0,1,1,1024.6580917000001,12,0.021359985000000001
NB,7,125,CARP,0,0,1,1,1024.6580917000001,12,0.021359985000000001
NB,7,126,FAGU,99.99999999,-1.877451484,0.985611196,1.315140929,1024.6580917000001,12,0.021359985000000001
NB,7,127,QUER,0,0,1,1,1024.6580917000001,12,0.021359985000000001
NB,7,128,ULMU,99.99999999,-1.877451484,0.985611196,1.315140929,1024.6580917000001,12,0.021359985000000001
NB,7,129,MORU,99.99999999,-1.877451484,0.985611196,1.315140929,1024.6580917000001,12,0.021359985000000001
NB,7,130,LIRI,99.99999999,-1.877451484,0.985611196,1.315140929,1024.6580917000001,12,0.021359985000000001
NB,7,131,MAGN,99.99999999,-1.877451484,0.985611196,1.315140929,1024.6580917000001,12,0.021359985000000001
NB,7,132,SASS,99.99999999,-1.877451484,0.985611196,1.315140929,1024.6580917000001,12,0.021359985000000001
NB,7,133,PLAT,99.99999999,-1.877451484,0.985611196,1.315140929,1024.6580917000001,12,0.021359985000000001
NB,7,134,PRUN,0,0,1,1,1024.6580917000001,12,0.021359985000000001
NB,7,135,GLED,99.99999999,-1.877451484,0.985611196,1.315140929,1024.6580917000001,12,0.021359985000000001
NB,7,136,ROBI,99.99999999,-1.877451484,0.985611196,1.315140929,1024.6580917000001,12,0.021359985000000001
NB,7,137,TILI,99.99999999,-1.877451484,0.985611196,1.315140929,1024.6580917000001,12,0.021359985000000001
NB,7,138,NYSS,99.99999999,-1.877451484,0.985611196,1.315140929,1024.6580917000001,12,0.021359985000000001
NB,7,139,CORN,99.99999999,-1.877451484,0.985611196,1.315140929,1024.6580917000001,12,0.021359985000000001
NB,7,140,ARBU,99.99999999,-1.877451484,0.985611196,1.315140929,1024.6580917000001,12,0.021359985000000001
NB,7,141,FRAX,99.99999999,-1.877451484,0.985611196,1.315140929,1024.6580917000001,12,0.021359985000000001
NB,7,142,SALI,99.99999999,-1.877451484,0.985611196,1.315140929,1024.6580917000001,12,0.021359985000000001
NB,7,143,GYMN,99.99999999,-1.877451484,0.985611196,1.315140929,1024.6580917000001,12,0.021359985000000001
NB,7,144,CELT,99.99999999,-1.877451484,0.985611196,1.315140929,1024.6580917000001,12,0.021359985000000001
NB,7,145,AMEL,99.99999999,-1.877451484,0.985611196,1.315140929,1024.6580917000001,12,0.021359985000000001
NB,7,146,CORY,99.99999999,-1.877451484,0.985611196,1.315140929,1024.6580917000001,12,0.021359985000000001
NB,7,147,CRAT,99.99999999,-1.877451484,0.985611196,1.315140929,1024.6580917000001,12,0.021359985000000001
NB,7,148,ILEX,99.99999999,-1.877451484,0.985611196,1.315140929,1024.6580917000001,12,0.021359985000000001
NB,7,149,MALU,99.99999999,-1.877451484,0.985611196,1.315140929,1024.6580917000001,12,0.021359985000000001
NB,7,150,NEMO,99.99999999,-1.877451484,0.985611196,1.315140929,1024.6580917000001,12,0.021359985000000001
NB,7,151,RHUS,99.99999999,-1.877451484,0.985611196,1.315140929,1024.6580917000001,12,0.021359985000000001
NB,7,152,SORB,99.99999999,-1.877451484,0.985611196,1.315140929,1024.6580917000001,12,0.021359985000000001
NB,7,153,VIBU,99.99999999,-1.877451484,0.985611196,1.315140929,1024.6580917000001,12,0.021359985000000001
NB,7,154,CAST,99.99999999,-1.877451484,0.985611196,1.315140929,1024.6580917000001,12,0.021359985000000001
NB,7,155,ASIM,99.99999999,-1.877451484,0.985611196,1.315140929,1024.6580917000001,12,0.021359985000000001
NL,1,1,PICE,0.349647251,-1.210702036,0.999333653,1.012236318,203.55722976999999,19,0.0008871
NL,1,3,ABIE,1.671031102,-1.441180063,0.997693309,1.028082421,246.12664093999999,22,0.001307302
NL,1,6,LARI,0,0,1,1,,,
NL,1,8,GENC,0.349647251,-1.210702036,0.999333653,1.012236318,203.55722976999999,19,0.0008871
NL,1,10,BETU,0.284672056,-0.975361177,0.994411493,1.02325369,57.430569423999998,6,0.002479261
NL,1,121,CARY,0.284672056,-0.975361177,0.994411493,1.02325369,57.430569423999998,6,0.002479261
NL,1,122,JUGL,0.284672056,-0.975361177,0.994411493,1.02325369,57.430569423999998,6,0.002479261
NL,1,123,ALNU,0,0,1,1,57.430569423999998,6,0.002479261
NL,1,124,OSTR,0,0,1,1,57.430569423999998,6,0.002479261
NL,1,125,CARP,0,0,1,1,57.430569423999998,6,0.002479261
NL,1,126,FAGU,0.284672056,-0.975361177,0.994411493,1.02325369,57.430569423999998,6,0.002479261
NL,1,127,QUER,0,0,1,1,57.430569423999998,6,0.002479261
NL,1,128,ULMU,0.284672056,-0.975361177,0.994411493,1.02325369,57.430569423999998,6,0.002479261
NL,1,129,MORU,0.284672056,-0.975361177,0.994411493,1.02325369,57.430569423999998,6,0.002479261
NL,1,130,LIRI,0.284672056,-0.975361177,0.994411493,1.02325369,57.430569423999998,6,0.002479261
NL,1,131,MAGN,0.284672056,-0.975361177,0.994411493,1.02325369,57.430569423999998,6,0.002479261
NL,1,132,SASS,0.284672056,-0.975361177,0.994411493,1.02325369,57.430569423999998,6,0.002479261
NL,1,133,PLAT,0.284672056,-0.975361177,0.994411493,1.02325369,57.430569423999998,6,0.002479261
NL,1,134,PRUN,0,0,1,1,57.430569423999998,6,0.002479261
NL,1,135,GLED,0.284672056,-0.975361177,0.994411493,1.02325369,57.430569423999998,6,0.002479261
NL,1,136,ROBI,0.284672056,-0.975361177,0.994411493,1.02325369,57.430569423999998,6,0.002479261
NL,1,137,TILI,0.284672056,-0.975361177,0.994411493,1.02325369,57.430569423999998,6,0.002479261
NL,1,138,NYSS,0.284672056,-0.975361177,0.994411493,1.02325369,57.430569423999998,6,0.002479261
NL,1,139,CORN,0.284672056,-0.975361177,0.994411493,1.02325369,57.430569423999998,6,0.002479261
NL,1,140,ARBU,0.284672056,-0.975361177,0.994411493,1.02325369,57.430569423999998,6,0.002479261
NL,1,141,FRAX,0.284672056,-0.975361177,0.994411493,1.02325369,57.430569423999998,6,0.002479261
NL,1,142,SALI,0.284672056,-0.975361177,0.994411493,1.02325369,57.430569423999998,6,0.002479261
NL,1,143,GYMN,0.284672056,-0.975361177,0.994411493,1.02325369,57.430569423999998,6,0.002479261
NL,1,144,CELT,0.284672056,-0.975361177,0.994411493,1.02325369,57.430569423999998,6,0.002479261
NL,1,145,AMEL,0.284672056,-0.975361177,0.994411493,1.02325369,57.430569423999998,6,0.002479261
NL,1,146,CORY,0.284672056,-0.975361177,0.994411493,1.02325369,57.430569423999998,6,0.002479261
NL,1,147,CRAT,0.284672056,-0.975361177,0.994411493,1.02325369,57.430569423999998,6,0.002479261
NL,1,148,ILEX,0.284672056,-0.975361177,0.994411493,1.02325369,57.430569423999998,6,0.002479261
NL,1,149,MALU,0.284672056,-0.975361177,0.994411493,1.02325369,57.430569423999998,6,0.002479261
NL,1,150,NEMO,0.284672056,-0.975361177,0.994411493,1.02325369,57.430569423999998,6,0.002479261
NL,1,151,RHUS,0.284672056,-0.975361177,0.994411493,1.02325369,57.430569423999998,6,0.002479261
NL,1,152,SORB,0.284672056,-0.975361177,0.994411493,1.02325369,57.430569423999998,6,0.002479261
NL,1,153,VIBU,0.284672056,-0.975361177,0.994411493,1.02325369,57.430569423999998,6,0.002479261
NL,1,154,CAST,0.284672056,-0.975361177,0.994411493,1.02325369,57.430569423999998,6,0.002479261
NL,1,155,ASIM,0.284672056,-0.975361177,0.994411493,1.02325369,57.430569423999998,6,0.002479261
NL,5,1,PICE,0.349647251,-1.210702036,0.999333653,1.012236318,203.55722976999999,19,0.0008871
NL,5,2,PINU,0,0,1,1,,,
NL,5,3,ABIE,1.671031102,-1.441180063,0.997693309,1.028082421,246.12664093999999,22,0.001307302
NL,5,6,LARI,0,0,1,1,,,
NL,5,8,GENC,0.349647251,-1.210702036,0.999333653,1.012236318,203.55722976999999,19,0.0008871
NL,5,9,POPU,0,0,1,1,,,
NL,5,10,BETU,0.284672056,-0.975361177,0.994411493,1.02325369,57.430569423999998,6,0.002479261
NL,5,11,ACER,0,0,1,1,,,
NL,5,12,GENH,0,0,1,1,,,
NL,5,121,CARY,0.284672056,-0.975361177,0.994411493,1.02325369,57.430569423999998,6,0.002479261
NL,5,122,JUGL,0.284672056,-0.975361177,0.994411493,1.02325369,57.430569423999998,6,0.002479261
NL,5,123,ALNU,0,0,1,1,57.430569423999998,6,0.002479261
NL,5,124,OSTR,0,0,1,1,57.430569423999998,6,0.002479261
NL,5,125,CARP,0,0,1,1,57.430569423999998,6,0.002479261
NL,5,126,FAGU,0.284672056,-0.975361177,0.994411493,1.02325369,57.430569423999998,6,0.002479261
NL,5,127,QUER,0,0,1,1,57.430569423999998,6,0.002479261
NL,5,128,ULMU,0.284672056,-0.975361177,0.994411493,1.02325369,57.430569423999998,6,0.002479261
NL,5,129,MORU,0.284672056,-0.975361177,0.994411493,1.02325369,57.430569423999998,6,0.002479261
NL,5,130,LIRI,0.284672056,-0.975361177,0.994411493,1.02325369,57.430569423999998,6,0.002479261
NL,5,131,MAGN,0.284672056,-0.975361177,0.994411493,1.02325369,57.430569423999998,6,0.002479261
NL,5,132,SASS,0.284672056,-0.975361177,0.994411493,1.02325369,57.430569423999998,6,0.002479261
NL,5,133,PLAT,0.284672056,-0.975361177,0.994411493,1.02325369,57.430569423999998,6,0.002479261
NL,5,134,PRUN,0,0,1,1,57.430569423999998,6,0.002479261
NL,5,135,GLED,0.284672056,-0.975361177,0.994411493,1.02325369,57.430569423999998,6,0.002479261
NL,5,136,ROBI,0.284672056,-0.975361177,0.994411493,1.02325369,57.430569423999998,6,0.002479261
NL,5,137,TILI,0.284672056,-0.975361177,0.994411493,1.02325369,57.430569423999998,6,0.002479261
NL,5,138,NYSS,0.284672056,-0.975361177,0.994411493,1.02325369,57.430569423999998,6,0.002479261
NL,5,139,CORN,0.284672056,-0.975361177,0.994411493,1.02325369,57.430569423999998,6,0.002479261
NL,5,140,ARBU,0.284672056,-0.975361177,0.994411493,1.02325369,57.430569423999998,6,0.002479261
NL,5,141,FRAX,0.284672056,-0.975361177,0.994411493,1.02325369,57.430569423999998,6,0.002479261
NL,5,142,SALI,0.284672056,-0.975361177,0.994411493,1.02325369,57.430569423999998,6,0.002479261
NL,5,143,GYMN,0.284672056,-0.975361177,0.994411493,1.02325369,57.430569423999998,6,0.002479261
NL,5,144,CELT,0.284672056,-0.975361177,0.994411493,1.02325369,57.430569423999998,6,0.002479261
NL,5,145,AMEL,0.284672056,-0.975361177,0.994411493,1.02325369,57.430569423999998,6,0.002479261
NL,5,146,CORY,0.284672056,-0.975361177,0.994411493,1.02325369,57.430569423999998,6,0.002479261
NL,5,147,CRAT,0.284672056,-0.975361177,0.994411493,1.02325369,57.430569423999998,6,0.002479261
NL,5,148,ILEX,0.284672056,-0.975361177,0.994411493,1.02325369,57.430569423999998,6,0.002479261
NL,5,149,MALU,0.284672056,-0.975361177,0.994411493,1.02325369,57.430569423999998,6,0.002479261
NL,5,150,NEMO,0.284672056,-0.975361177,0.994411493,1.02325369,57.430569423999998,6,0.002479261
NL,5,151,RHUS,0.284672056,-0.975361177,0.994411493,1.02325369,57.430569423999998,6,0.002479261
NL,5,152,SORB,0.284672056,-0.975361177,0.994411493,1.02325369,57.430569423999998,6,0.002479261
NL,5,153,VIBU,0.284672056,-0.975361177,0.994411493,1.02325369,57.430569423999998,6,0.002479261
NL,5,154,CAST,0.284672056,-0.975361177,0.994411493,1.02325369,57.430569423999998,6,0.002479261
NL,5,155,ASIM,0.284672056,-0.975361177,0.994411493,1.02325369,57.430569423999998,6,0.002479261
NL,6,1,PICE,0.349647251,-1.210702036,0.999333653,1.012236318,203.55722976999999,19,0.0008871
NL,6,2,PINU,0,0,1,1,,,
NL,6,3,ABIE,1.671031102,-1.441180063,0.997693309,1.028082421,246.12664093999999,22,0.001307302
NL,6,6,LARI,0,0,1,1,,,
NL,6,8,GENC,0.349647251,-1.210702036,0.999333653,1.012236318,203.55722976999999,19,0.0008871
NL,6,9,POPU,0,0,1,1,,,
NL,6,10,BETU,0.284672056,-0.975361177,0.994411493,1.02325369,57.430569423999998,6,0.002479261
NL,6,11,ACER,0,0,1,1,,,
NL,6,12,GENH,0,0,1,1,,,
NL,6,121,CARY,0.284672056,-0.975361177,0.994411493,1.02325369,57.430569423999998,6,0.002479261
NL,6,122,JUGL,0.284672056,-0.975361177,0.994411493,1.02325369,57.430569423999998,6,0.002479261
NL,6,123,ALNU,0,0,1,1,57.430569423999998,6,0.002479261
NL,6,124,OSTR,0,0,1,1,57.430569423999998,6,0.002479261
NL,6,125,CARP,0,0,1,1,57.430569423999998,6,0.002479261
NL,6,126,FAGU,0.284672056,-0.975361177,0.994411493,1.02325369,57.430569423999998,6,0.002479261
NL,6,127,QUER,0,0,1,1,57.430569423999998,6,0.002479261
NL,6,128,ULMU,0.284672056,-0.975361177,0.994411493,1.02325369,57.430569423999998,6,0.002479261
NL,6,129,MORU,0.284672056,-0.975361177,0.994411493,1.02325369,57.430569423999998,6,0.002479261
NL,6,130,LIRI,0.284672056,-0.975361177,0.994411493,1.02325369,57.430569423999998,6,0.002479261
NL,6,131,MAGN,0.284672056,-0.975361177,0.994411493,1.02325369,57.430569423999998,6,0.002479261
NL,6,132,SASS,0.284672056,-0.975361177,0.994411493,1.02325369,57.430569423999998,6,0.002479261
NL,6,133,PLAT,0.284672056,-0.975361177,0.994411493,1.02325369,57.430569423999998,6,0.002479261
NL,6,134,PRUN,0,0,1,1,57.430569423999998,6,0.002479261
NL,6,135,GLED,0.284672056,-0.975361177,0.994411493,1.02325369,57.430569423999998,6,0.002479261
NL,6,136,ROBI,0.284672056,-0.975361177,0.994411493,1.02325369,57.430569423999998,6,0.002479261
NL,6,137,TILI,0.284672056,-0.975361177,0.994411493,1.02325369,57.430569423999998,6,0.002479261
NL,6,138,NYSS,0.284672056,-0.975361177,0.994411493,1.02325369,57.430569423999998,6,0.002479261
NL,6,139,CORN,0.284672056,-0.975361177,0.994411493,1.02325369,57.430569423999998,6,0.002479261
NL,6,140,ARBU,0.284672056,-0.975361177,0.994411493,1.02325369,57.430569423999998,6,0.002479261
NL,6,141,FRAX,0.284672056,-0.975361177,0.994411493,1.02325369,57.430569423999998,6,0.002479261
NL,6,142,SALI,0.284672056,-0.975361177,0.994411493,1.02325369,57.430569423999998,6,0.002479261
NL,6,143,GYMN,0.284672056,-0.975361177,0.994411493,1.02325369,57.430569423999998,6,0.002479261
NL,6,144,CELT,0.284672056,-0.975361177,0.994411493,1.02325369,57.430569423999998,6,0.002479261
NL,6,145,AMEL,0.284672056,-0.975361177,0.994411493,1.02325369,57.430569423999998,6,0.002479261
NL,6,146,CORY,0.284672056,-0.975361177,0.994411493,1.02325369,57.430569423999998,6,0.002479261
NL,6,147,CRAT,0.284672056,-0.975361177,0.994411493,1.02325369,57.430569423999998,6,0.002479261
NL,6,148,ILEX,0.284672056,-0.975361177,0.994411493,1.02325369,57.430569423999998,6,0.002479261
NL,6,149,MALU,0.284672056,-0.975361177,0.994411493,1.02325369,57.430569423999998,6,0.002479261
NL,6,150,NEMO,0.284672056,-0.975361177,0.994411493,1.02325369,57.430569423999998,6,0.002479261
NL,6,151,RHUS,0.284672056,-0.975361177,0.994411493,1.02325369,57.430569423999998,6,0.002479261
NL,6,152,SORB,0.284672056,-0.975361177,0.994411493,1.02325369,57.430569423999998,6,0.002479261
NL,6,153,VIBU,0.284672056,-0.975361177,0.994411493,1.02325369,57.430569423999998,6,0.002479261
NL,6,154,CAST,0.284672056,-0.975361177,0.994411493,1.02325369,57.430569423999998,6,0.002479261
NL,6,155,ASIM,0.284672056,-0.975361177,0.994411493,1.02325369,57.430569423999998,6,0.002479261
NT,3,1,PICE,99.99999999,-2.179309769,0.999101089,4.09925048,467.9581231,19,0.029353194900000001
NT,3,2,PINU,99.99999999,-1.619269195,0.971015869,1.517920318,627.71148980999999,32,0.027183894900000002
NT,3,3,ABIE,26.21988062,-1.786459277,0.998701702,1.118699712,329.0980206,12,0.023461838700000001
NT,3,5,PSEU,99.99999999,-1.680679955,0.983494956,1.066972991,410.79147707999999,11,0.013809396
NT,3,6,LARI,2.787784403,-2.108897833,1.107940282,1.205519184,199.53544905999999,21,0.119690446
NT,3,9,POPU,99.99999999,-1.415723009,0.873376851,1.565581201,451.73612403999999,14,0.060245468400000002
NT,3,10,BETU,99.99999999,-1.015892052,0.067292158,1.903010735,206.7369464,4,0.099556829200000002
NT,3,12,GENH,99.99999999,-1.015892052,0.067292158,1.903010735,206.7369464,4,0.099556829200000002
NT,4,1,PICE,99.99999999,-2.179309769,0.999101089,4.09925048,467.9581231,19,0.029353194900000001
NT,4,2,PINU,99.99999999,-1.619269195,0.971015869,1.517920318,627.71148980999999,32,0.027183894900000002
NT,4,3,ABIE,26.21988062,-1.786459277,0.998701702,1.118699712,329.0980206,12,0.023461838700000001
NT,4,5,PSEU,99.99999999,-1.680679955,0.983494956,1.066972991,410.79147707999999,11,0.013809396
NT,4,6,LARI,2.787784403,-2.108897833,1.107940282,1.205519184,199.53544905999999,21,0.119690446
NT,4,9,POPU,99.99999999,-1.415723009,0.873376851,1.565581201,451.73612403999999,14,0.060245468400000002
NT,4,10,BETU,99.99999999,-1.015892052,0.067292158,1.903010735,206.7369464,4,0.099556829200000002
NT,4,12,GENH,99.99999999,-1.015892052,0.067292158,1.903010735,206.7369464,4,0.099556829200000002
NT,5,1,PICE,99.99999999,-2.179309769,0.999101089,4.09925048,467.9581231,19,0.029353194900000001
NT,5,2,PINU,99.99999999,-1.619269195,0.971015869,1.517920318,627.71148980999999,32,0.027183894900000002
NT,5,3,ABIE,26.21988062,-1.786459277,0.998701702,1.118699712,329.0980206,12,0.023461838700000001
NT,5,5,PSEU,99.99999999,-1.680679955,0.983494956,1.066972991,410.79147707999999,11,0.013809396
NT,5,6,LARI,2.787784403,-2.108897833,1.107940282,1.205519184,199.53544905999999,21,0.119690446
NT,5,9,POPU,99.99999999,-1.415723009,0.873376851,1.565581201,451.73612403999999,14,0.060245468400000002
NT,5,10,BETU,99.99999999,-1.015892052,0.067292158,1.903010735,206.7369464,4,0.099556829200000002
NT,5,12,GENH,99.99999999,-1.015892052,0.067292158,1.903010735,206.7369464,4,0.099556829200000002
NT,9,1,PICE,7.990651974,-0.935196192,0.940352245,1.374072773,658.35024884999996,33,0.056285975
NT,9,2,PINU,99.99999999,-1.619269195,0.971015869,1.517920318,627.71148980999999,32,0.027183894900000002
NT,9,3,ABIE,26.21988062,-1.786459277,0.998701702,1.118699712,329.0980206,12,0.023461838700000001
NT,9,5,PSEU,99.99999999,-1.680679955,0.983494956,1.066972991,410.79147707999999,11,0.013809396
NT,9,6,LARI,2.787784403,-2.108897833,1.107940282,1.205519184,199.53544905999999,21,0.119690446
NT,9,8,GENC,225.2787117,-1.917835486,0.991069849,1.529353818,658.35024884999996,33,0.015078107300000001
NT,9,9,POPU,26.6229837,-1.239799553,0.955937641,1.768822527,636.05529768999997,29,0.026182720699999999
NT,9,10,BETU,99.99999999,-1.015892052,0.067292158,1.903010735,206.7369464,4,0.099556829200000002
NT,9,11,ACER,99.99999999,-1.015892052,0.067292158,1.903010735,206.7369464,4,0.099556829200000002
NT,9,12,GENH,99.99999999,-1.015892052,0.067292158,1.903010735,206.7369464,4,0.099556829200000002
NT,11,1,PICE,99.99999999,-2.179309769,0.999101089,4.09925048,467.9581231,19,0.029353194900000001
NT,11,2,PINU,99.99999999,-1.619269195,0.971015869,1.517920318,627.71148980999999,32,0.027183894900000002
NT,11,3,ABIE,26.21988062,-1.786459277,0.998701702,1.118699712,329.0980206,12,0.023461838700000001
NT,11,5,PSEU,99.99999999,-1.680679955,0.983494956,1.066972991,410.79147707999999,11,0.013809396
NT,11,6,LARI,2.787784403,-2.108897833,1.107940282,1.205519184,199.53544905999999,21,0.119690446
NT,11,9,POPU,99.99999999,-1.415723009,0.873376851,1.565581201,451.73612403999999,14,0.060245468400000002
NT,11,10,BETU,99.99999999,-1.015892052,0.067292158,1.903010735,206.7369464,4,0.099556829200000002
NT,11,12,GENH,99.99999999,-1.015892052,0.067292158,1.903010735,206.7369464,4,0.099556829200000002
NT,12,1,PICE,99.99999999,-2.179309769,0.999101089,4.09925048,467.9581231,19,0.029353194900000001
NT,12,2,PINU,99.99999999,-1.619269195,0.971015869,1.517920318,627.71148980999999,32,0.027183894900000002
NT,12,3,ABIE,26.21988062,-1.786459277,0.998701702,1.118699712,329.0980206,12,0.023461838700000001
NT,12,5,PSEU,99.99999999,-1.680679955,0.983494956,1.066972991,410.79147707999999,11,0.013809396
NT,12,6,LARI,2.787784403,-2.108897833,1.107940282,1.205519184,199.53544905999999,21,0.119690446
NT,12,9,POPU,99.99999999,-1.415723009,0.873376851,1.565581201,451.73612403999999,14,0.060245468400000002
NT,12,10,BETU,99.99999999,-1.015892052,0.067292158,1.903010735,206.7369464,4,0.099556829200000002
NT,12,12,GENH,99.99999999,-1.015892052,0.067292158,1.903010735,206.7369464,4,0.099556829200000002
